dataset,random_seed,forecast_model,cf_model,horizon,desired_change,fraction_std,forecast_smape,forecast_mase,validity_ratio,proximity,compactness,step_validity_auc
cif2016,39,nbeats,ForecastCF,12,0.1,0.25,11.060504858335745,1.6652246934992538,0.21450617283950618,0.37520351821159764,0.4924382716049383,0.04070216049382716
cif2016,39,nbeats,BaseShift,12,0.1,0.25,11.060504858335745,1.6652246934992538,0.09972993827160492,0.26535478267092205,0.09074074074074075,0.005787037037037036
cif2016,39,nbeats,BaseNN,12,0.1,0.25,11.060504858335745,1.6652246934992538,0.15875771604938274,1.5184418267151818,0.017592592592592597,0.027970679012345675
cif2016,39,wavenet,ForecastCF,12,0.1,0.25,9.229029622886715,1.3340127061485476,0.24228395061728392,0.4195355483705271,0.487037037037037,0.06934799382716049
cif2016,39,wavenet,BaseShift,12,0.1,0.25,9.229029622886715,1.3340127061485476,0.08603395061728394,0.26535478267092205,0.09074074074074075,0.0030864197530864196
cif2016,39,wavenet,BaseNN,12,0.1,0.25,9.229029622886715,1.3340127061485476,0.03665123456790123,1.5184418267151818,0.017592592592592597,0.0014467592592592592
cif2016,39,seq2seq,ForecastCF,12,0.1,0.25,11.431560400721766,1.6217066261339284,0.3823302469135803,0.21523203133204344,0.6885802469135803,0.1253858024691358
cif2016,39,seq2seq,BaseShift,12,0.1,0.25,11.431560400721766,1.6217066261339284,0.14930555555555555,0.26535478267092205,0.09074074074074075,0.014467592592592593
cif2016,39,seq2seq,BaseNN,12,0.1,0.25,11.431560400721766,1.6217066261339284,0.13831018518518517,1.5184418267151818,0.017592592592592597,0.0015432098765432098
cif2016,39,gru,ForecastCF,12,0.1,0.25,11.035120740527384,1.5141319376568336,0.38213734567901236,0.213651628376447,0.7564814814814814,0.1369598765432099
cif2016,39,gru,BaseShift,12,0.1,0.25,11.035120740527384,1.5141319376568336,0.15605709876543208,0.26535478267092205,0.09074074074074075,0.030381944444444444
cif2016,39,gru,BaseNN,12,0.1,0.25,11.035120740527384,1.5141319376568336,0.12384259259259259,1.5184418267151818,0.017592592592592597,0.005787037037037037
cif2016,39,nbeats,ForecastCF,12,0.1,0.5,11.060504858335745,1.6652246934992538,0.49035493827160487,0.37610555043330424,0.4324074074074074,0.300733024691358
cif2016,39,nbeats,BaseShift,12,0.1,0.5,11.060504858335745,1.6652246934992538,0.18942901234567902,0.26535478267092205,0.09074074074074075,0.013310185185185184
cif2016,39,nbeats,BaseNN,12,0.1,0.5,11.060504858335745,1.6652246934992538,0.3097993827160494,1.5184418267151818,0.017592592592592597,0.07783564814814814
cif2016,39,wavenet,ForecastCF,12,0.1,0.5,9.229029622886715,1.3340127061485476,0.5513117283950618,0.4065053513421856,0.5271604938271606,0.410204475308642
cif2016,39,wavenet,BaseShift,12,0.1,0.5,9.229029622886715,1.3340127061485476,0.16608796296296297,0.26535478267092205,0.09074074074074075,0.007523148148148147
cif2016,39,wavenet,BaseNN,12,0.1,0.5,9.229029622886715,1.3340127061485476,0.08757716049382715,1.5184418267151818,0.017592592592592597,0.0016396604938271604
cif2016,39,seq2seq,ForecastCF,12,0.1,0.5,11.431560400721766,1.6217066261339284,0.6381172839506172,0.20101120880951043,0.5524691358024691,0.41927083333333337
cif2016,39,seq2seq,BaseShift,12,0.1,0.5,11.431560400721766,1.6217066261339284,0.2829861111111111,0.26535478267092205,0.09074074074074075,0.07619598765432098
cif2016,39,seq2seq,BaseNN,12,0.1,0.5,11.431560400721766,1.6217066261339284,0.2951388888888889,1.5184418267151818,0.017592592592592597,0.038097993827160496
cif2016,39,gru,ForecastCF,12,0.1,0.5,11.035120740527384,1.5141319376568336,0.6172839506172839,0.21033283553250437,0.6344135802469137,0.39130015432098764
cif2016,39,gru,BaseShift,12,0.1,0.5,11.035120740527384,1.5141319376568336,0.2926311728395062,0.26535478267092205,0.09074074074074075,0.11564429012345678
cif2016,39,gru,BaseNN,12,0.1,0.5,11.035120740527384,1.5141319376568336,0.24575617283950615,1.5184418267151818,0.017592592592592597,0.045717592592592594
cif2016,39,nbeats,ForecastCF,12,0.1,0.75,11.060504858335745,1.6652246934992538,0.6261574074074074,0.3441136361627199,0.36157407407407405,0.4888117283950617
cif2016,39,nbeats,BaseShift,12,0.1,0.75,11.060504858335745,1.6652246934992538,0.28163580246913583,0.26535478267092205,0.09074074074074075,0.02980324074074074
cif2016,39,nbeats,BaseNN,12,0.1,0.75,11.060504858335745,1.6652246934992538,0.433641975308642,1.5184418267151818,0.017592592592592597,0.1724537037037037
cif2016,39,wavenet,ForecastCF,12,0.1,0.75,9.229029622886715,1.3340127061485476,0.6711033950617283,0.37338313214928814,0.5725308641975309,0.5499614197530864
cif2016,39,wavenet,BaseShift,12,0.1,0.75,9.229029622886715,1.3340127061485476,0.25713734567901236,0.26535478267092205,0.09074074074074075,0.025655864197530864
cif2016,39,wavenet,BaseNN,12,0.1,0.75,9.229029622886715,1.3340127061485476,0.16859567901234568,1.5184418267151818,0.017592592592592597,0.0039544753086419755
cif2016,39,seq2seq,ForecastCF,12,0.1,0.75,11.431560400721766,1.6217066261339284,0.7374614197530865,0.17285204274998878,0.5229938271604938,0.5961612654320988
cif2016,39,seq2seq,BaseShift,12,0.1,0.75,11.431560400721766,1.6217066261339284,0.39467592592592593,0.26535478267092205,0.09074074074074075,0.16464120370370372
cif2016,39,seq2seq,BaseNN,12,0.1,0.75,11.431560400721766,1.6217066261339284,0.42766203703703703,1.5184418267151818,0.017592592592592597,0.144483024691358
cif2016,39,gru,ForecastCF,12,0.1,0.75,11.035120740527384,1.5141319376568336,0.7339891975308641,0.18937269708814267,0.5371913580246913,0.5871913580246914
cif2016,39,gru,BaseShift,12,0.1,0.75,11.035120740527384,1.5141319376568336,0.3993055555555556,0.26535478267092205,0.09074074074074075,0.21479552469135801
cif2016,39,gru,BaseNN,12,0.1,0.75,11.035120740527384,1.5141319376568336,0.36361882716049376,1.5184418267151818,0.017592592592592597,0.13908179012345678
cif2016,39,nbeats,ForecastCF,12,0.1,1.0,11.060504858335745,1.6652246934992538,0.6979166666666666,0.30901247527781767,0.3330246913580247,0.5699266975308642
cif2016,39,nbeats,BaseShift,12,0.1,1.0,11.060504858335745,1.6652246934992538,0.37307098765432095,0.26535478267092205,0.09074074074074075,0.060570987654320986
cif2016,39,nbeats,BaseNN,12,0.1,1.0,11.060504858335745,1.6652246934992538,0.5254629629629629,1.5184418267151818,0.017592592592592597,0.27276234567901236
cif2016,39,wavenet,ForecastCF,12,0.1,1.0,9.229029622886715,1.3340127061485476,0.7465277777777778,0.33885265020899275,0.6089506172839506,0.6462191358024691
cif2016,39,wavenet,BaseShift,12,0.1,1.0,9.229029622886715,1.3340127061485476,0.3317901234567901,0.26535478267092205,0.09074074074074075,0.04359567901234568
cif2016,39,wavenet,BaseNN,12,0.1,1.0,9.229029622886715,1.3340127061485476,0.23649691358024694,1.5184418267151818,0.017592592592592597,0.0073302469135802465
cif2016,39,seq2seq,ForecastCF,12,0.1,1.0,11.431560400721766,1.6217066261339284,0.7739197530864197,0.14745610670422735,0.5740740740740741,0.6441936728395061
cif2016,39,seq2seq,BaseShift,12,0.1,1.0,11.431560400721766,1.6217066261339284,0.47858796296296297,0.26535478267092205,0.09074074074074075,0.29301697530864196
cif2016,39,seq2seq,BaseNN,12,0.1,1.0,11.431560400721766,1.6217066261339284,0.5250771604938272,1.5184418267151818,0.017592592592592597,0.2603202160493827
cif2016,39,gru,ForecastCF,12,0.1,1.0,11.035120740527384,1.5141319376568336,0.7804783950617283,0.16159163637815385,0.552469135802469,0.6437114197530864
cif2016,39,gru,BaseShift,12,0.1,1.0,11.035120740527384,1.5141319376568336,0.49459876543209874,0.26535478267092205,0.09074074074074075,0.3332368827160494
cif2016,39,gru,BaseNN,12,0.1,1.0,11.035120740527384,1.5141319376568336,0.46894290123456783,1.5184418267151818,0.017592592592592597,0.2632137345679012
cif2016,39,nbeats,ForecastCF,12,0.1,1.25,11.060504858335745,1.6652246934992538,0.7393904320987653,0.2761397589340547,0.3683641975308642,0.6141975308641976
cif2016,39,nbeats,BaseShift,12,0.1,1.25,11.060504858335745,1.6652246934992538,0.4565972222222222,0.26535478267092205,0.09074074074074075,0.10966435185185187
cif2016,39,nbeats,BaseNN,12,0.1,1.25,11.060504858335745,1.6652246934992538,0.6035879629629629,1.5184418267151818,0.017592592592592597,0.3599537037037038
cif2016,39,wavenet,ForecastCF,12,0.1,1.25,9.229029622886715,1.3340127061485476,0.7727623456790123,0.30387888619810827,0.6375,0.6739004629629629
cif2016,39,wavenet,BaseShift,12,0.1,1.25,9.229029622886715,1.3340127061485476,0.40200617283950624,0.26535478267092205,0.09074074074074075,0.0685763888888889
cif2016,39,wavenet,BaseNN,12,0.1,1.25,9.229029622886715,1.3340127061485476,0.3040123456790123,1.5184418267151818,0.017592592592592597,0.026041666666666668
cif2016,39,seq2seq,ForecastCF,12,0.1,1.25,11.431560400721766,1.6217066261339284,0.8007330246913581,0.12927178031889322,0.623611111111111,0.6983024691358025
cif2016,39,seq2seq,BaseShift,12,0.1,1.25,11.431560400721766,1.6217066261339284,0.5414737654320988,0.26535478267092205,0.09074074074074075,0.3991126543209877
cif2016,39,seq2seq,BaseNN,12,0.1,1.25,11.431560400721766,1.6217066261339284,0.5945216049382716,1.5184418267151818,0.017592592592592597,0.3473186728395061
cif2016,39,gru,ForecastCF,12,0.1,1.25,11.035120740527384,1.5141319376568336,0.8080632716049382,0.13720137462638765,0.5820987654320988,0.6875
cif2016,39,gru,BaseShift,12,0.1,1.25,11.035120740527384,1.5141319376568336,0.5684799382716049,0.26535478267092205,0.09074074074074075,0.42862654320987653
cif2016,39,gru,BaseNN,12,0.1,1.25,11.035120740527384,1.5141319376568336,0.5518904320987654,1.5184418267151818,0.017592592592592597,0.3669945987654321
cif2016,39,nbeats,ForecastCF,12,0.1,1.5,11.060504858335745,1.6652246934992538,0.7729552469135802,0.2475342165133672,0.4094135802469136,0.6585648148148149
cif2016,39,nbeats,BaseShift,12,0.1,1.5,11.060504858335745,1.6652246934992538,0.5229552469135803,0.26535478267092205,0.09074074074074075,0.1627121913580247
cif2016,39,nbeats,BaseNN,12,0.1,1.5,11.060504858335745,1.6652246934992538,0.663966049382716,1.5184418267151818,0.017592592592592597,0.44531250000000006
cif2016,39,wavenet,ForecastCF,12,0.1,1.5,9.229029622886715,1.3340127061485476,0.7889660493827161,0.27206450419199046,0.6654320987654321,0.6923225308641977
cif2016,39,wavenet,BaseShift,12,0.1,1.5,9.229029622886715,1.3340127061485476,0.4625771604938272,0.26535478267092205,0.09074074074074075,0.10927854938271606
cif2016,39,wavenet,BaseNN,12,0.1,1.5,9.229029622886715,1.3340127061485476,0.3441358024691358,1.5184418267151818,0.017592592592592597,0.04012345679012346
cif2016,39,seq2seq,ForecastCF,12,0.1,1.5,11.431560400721766,1.6217066261339284,0.8144290123456791,0.11219965827472107,0.6722222222222222,0.7110339506172839
cif2016,39,seq2seq,BaseShift,12,0.1,1.5,11.431560400721766,1.6217066261339284,0.5916280864197531,0.26535478267092205,0.09074074074074075,0.4793595679012346
cif2016,39,seq2seq,BaseNN,12,0.1,1.5,11.431560400721766,1.6217066261339284,0.6398533950617284,1.5184418267151818,0.017592592592592597,0.40489969135802467
cif2016,39,gru,ForecastCF,12,0.1,1.5,11.035120740527384,1.5141319376568336,0.8288966049382717,0.11482537243892489,0.6188271604938271,0.7263695987654322
cif2016,39,gru,BaseShift,12,0.1,1.5,11.035120740527384,1.5141319376568336,0.6201774691358024,0.26535478267092205,0.09074074074074075,0.4930555555555556
cif2016,39,gru,BaseNN,12,0.1,1.5,11.035120740527384,1.5141319376568336,0.6105324074074074,1.5184418267151818,0.017592592592592597,0.43074845679012347
cif2016,39,nbeats,ForecastCF,12,0.1,1.75,11.060504858335745,1.6652246934992538,0.7899305555555556,0.22433826588061423,0.4703703703703704,0.6852816358024691
cif2016,39,nbeats,BaseShift,12,0.1,1.75,11.060504858335745,1.6652246934992538,0.5829475308641975,0.26535478267092205,0.09074074074074075,0.24286265432098766
cif2016,39,nbeats,BaseNN,12,0.1,1.75,11.060504858335745,1.6652246934992538,0.7011959876543209,1.5184418267151818,0.017592592592592597,0.5104166666666667
cif2016,39,wavenet,ForecastCF,12,0.1,1.75,9.229029622886715,1.3340127061485476,0.8173225308641975,0.24337070206048647,0.6970679012345679,0.7297453703703703
cif2016,39,wavenet,BaseShift,12,0.1,1.75,9.229029622886715,1.3340127061485476,0.5106095679012346,0.26535478267092205,0.09074074074074075,0.14245756172839508
cif2016,39,wavenet,BaseNN,12,0.1,1.75,9.229029622886715,1.3340127061485476,0.3900462962962963,1.5184418267151818,0.017592592592592597,0.0613425925925926
cif2016,39,seq2seq,ForecastCF,12,0.1,1.75,11.431560400721766,1.6217066261339284,0.8229166666666666,0.09825126303249371,0.7271604938271605,0.726466049382716
cif2016,39,seq2seq,BaseShift,12,0.1,1.75,11.431560400721766,1.6217066261339284,0.6282793209876543,0.26535478267092205,0.09074074074074075,0.5374228395061729
cif2016,39,seq2seq,BaseNN,12,0.1,1.75,11.431560400721766,1.6217066261339284,0.6776620370370371,1.5184418267151818,0.017592592592592597,0.4565007716049383
cif2016,39,gru,ForecastCF,12,0.1,1.75,11.035120740527384,1.5141319376568336,0.8395061728395062,0.09761147899718993,0.6637345679012346,0.7467206790123456
cif2016,39,gru,BaseShift,12,0.1,1.75,11.035120740527384,1.5141319376568336,0.665895061728395,0.26535478267092205,0.09074074074074075,0.5443672839506173
cif2016,39,gru,BaseNN,12,0.1,1.75,11.035120740527384,1.5141319376568336,0.65991512345679,1.5184418267151818,0.017592592592592597,0.4971064814814815
cif2016,39,nbeats,ForecastCF,12,0.1,2.0,11.060504858335745,1.6652246934992538,0.8150077160493828,0.20573104425917563,0.5070987654320988,0.7179783950617284
cif2016,39,nbeats,BaseShift,12,0.1,2.0,11.060504858335745,1.6652246934992538,0.6271219135802469,0.26535478267092205,0.09074074074074075,0.3359375
cif2016,39,nbeats,BaseNN,12,0.1,2.0,11.060504858335745,1.6652246934992538,0.7295524691358024,1.5184418267151818,0.017592592592592597,0.5690586419753086
cif2016,39,wavenet,ForecastCF,12,0.1,2.0,9.229029622886715,1.3340127061485476,0.8256172839506172,0.2182930127139566,0.7237654320987654,0.7397762345679012
cif2016,39,wavenet,BaseShift,12,0.1,2.0,9.229029622886715,1.3340127061485476,0.5549768518518519,0.26535478267092205,0.09074074074074075,0.19878472222222224
cif2016,39,wavenet,BaseNN,12,0.1,2.0,9.229029622886715,1.3340127061485476,0.4423225308641975,1.5184418267151818,0.017592592592592597,0.09268904320987655
cif2016,39,seq2seq,ForecastCF,12,0.1,2.0,11.431560400721766,1.6217066261339284,0.8302469135802468,0.08756018341378013,0.7574074074074072,0.7315779320987653
cif2016,39,seq2seq,BaseShift,12,0.1,2.0,11.431560400721766,1.6217066261339284,0.6560570987654321,0.26535478267092205,0.09074074074074075,0.5740740740740741
cif2016,39,seq2seq,BaseNN,12,0.1,2.0,11.431560400721766,1.6217066261339284,0.7077546296296297,1.5184418267151818,0.017592592592592597,0.5223765432098766
cif2016,39,gru,ForecastCF,12,0.1,2.0,11.035120740527384,1.5141319376568336,0.8468364197530865,0.08487649051533978,0.7131172839506171,0.7586805555555556
cif2016,39,gru,BaseShift,12,0.1,2.0,11.035120740527384,1.5141319376568336,0.6990740740740741,0.26535478267092205,0.09074074074074075,0.595679012345679
cif2016,39,gru,BaseNN,12,0.1,2.0,11.035120740527384,1.5141319376568336,0.6921296296296297,1.5184418267151818,0.017592592592592597,0.5436921296296297
cif2016,39,nbeats,ForecastCF,12,0.1,2.25,11.060504858335745,1.6652246934992538,0.8256172839506172,0.1891198011808038,0.5489197530864197,0.7347608024691359
cif2016,39,nbeats,BaseShift,12,0.1,2.25,11.060504858335745,1.6652246934992538,0.6595293209876543,0.26535478267092205,0.09074074074074075,0.40084876543209874
cif2016,39,nbeats,BaseNN,12,0.1,2.25,11.060504858335745,1.6652246934992538,0.7536651234567903,1.5184418267151818,0.017592592592592597,0.6025270061728395
cif2016,39,wavenet,ForecastCF,12,0.1,2.25,9.229029622886715,1.3340127061485476,0.8341049382716049,0.19784552599286206,0.7507716049382716,0.7597415123456791
cif2016,39,wavenet,BaseShift,12,0.1,2.25,9.229029622886715,1.3340127061485476,0.5866126543209877,0.26535478267092205,0.09074074074074075,0.23784722222222224
cif2016,39,wavenet,BaseNN,12,0.1,2.25,9.229029622886715,1.3340127061485476,0.48225308641975306,1.5184418267151818,0.017592592592592597,0.12972608024691357
cif2016,39,seq2seq,ForecastCF,12,0.1,2.25,11.431560400721766,1.6217066261339284,0.837770061728395,0.07911118319468302,0.7862654320987653,0.7418981481481481
cif2016,39,seq2seq,BaseShift,12,0.1,2.25,11.431560400721766,1.6217066261339284,0.6805555555555556,0.26535478267092205,0.09074074074074075,0.5999228395061728
cif2016,39,seq2seq,BaseNN,12,0.1,2.25,11.431560400721766,1.6217066261339284,0.7293595679012347,1.5184418267151818,0.017592592592592597,0.5684799382716049
cif2016,39,gru,ForecastCF,12,0.1,2.25,11.035120740527384,1.5141319376568336,0.8520447530864197,0.07491668040524173,0.7558641975308641,0.7698688271604939
cif2016,39,gru,BaseShift,12,0.1,2.25,11.035120740527384,1.5141319376568336,0.7243441358024691,0.26535478267092205,0.09074074074074075,0.6336805555555556
cif2016,39,gru,BaseNN,12,0.1,2.25,11.035120740527384,1.5141319376568336,0.71875,1.5184418267151818,0.017592592592592597,0.5925925925925926
cif2016,39,nbeats,ForecastCF,12,0.1,2.5,11.060504858335745,1.6652246934992538,0.8323688271604938,0.17565125677680804,0.5919753086419753,0.750096450617284
cif2016,39,nbeats,BaseShift,12,0.1,2.5,11.060504858335745,1.6652246934992538,0.6834490740740741,0.26535478267092205,0.09074074074074075,0.45823688271604934
cif2016,39,nbeats,BaseNN,12,0.1,2.5,11.060504858335745,1.6652246934992538,0.7716049382716049,1.5184418267151818,0.017592592592592597,0.6330054012345679
cif2016,39,wavenet,ForecastCF,12,0.1,2.5,9.229029622886715,1.3340127061485476,0.8362268518518519,0.17986421080999498,0.7722222222222221,0.7618634259259259
cif2016,39,wavenet,BaseShift,12,0.1,2.5,9.229029622886715,1.3340127061485476,0.621141975308642,0.26535478267092205,0.09074074074074075,0.29552469135802467
cif2016,39,wavenet,BaseNN,12,0.1,2.5,9.229029622886715,1.3340127061485476,0.513695987654321,1.5184418267151818,0.017592592592592597,0.15181327160493827
cif2016,39,seq2seq,ForecastCF,12,0.1,2.5,11.431560400721766,1.6217066261339284,0.8435570987654322,0.07274691030268753,0.8175925925925924,0.7570408950617283
cif2016,39,seq2seq,BaseShift,12,0.1,2.5,11.431560400721766,1.6217066261339284,0.703125,0.26535478267092205,0.09074074074074075,0.6197916666666666
cif2016,39,seq2seq,BaseNN,12,0.1,2.5,11.431560400721766,1.6217066261339284,0.7484567901234569,1.5184418267151818,0.017592592592592597,0.6023341049382716
cif2016,39,gru,ForecastCF,12,0.1,2.5,11.035120740527384,1.5141319376568336,0.8537808641975309,0.06775889965603592,0.7745370370370369,0.7719907407407407
cif2016,39,gru,BaseShift,12,0.1,2.5,11.035120740527384,1.5141319376568336,0.742283950617284,0.26535478267092205,0.09074074074074075,0.6577932098765432
cif2016,39,gru,BaseNN,12,0.1,2.5,11.035120740527384,1.5141319376568336,0.7372685185185185,1.5184418267151818,0.017592592592592597,0.6208526234567903
cif2016,39,nbeats,ForecastCF,12,0.1,2.75,11.060504858335745,1.6652246934992538,0.8379629629629629,0.16494206878721135,0.5979938271604939,0.7597415123456792
cif2016,39,nbeats,BaseShift,12,0.1,2.75,11.060504858335745,1.6652246934992538,0.7040895061728394,0.26535478267092205,0.09074074074074075,0.48649691358024694
cif2016,39,nbeats,BaseNN,12,0.1,2.75,11.060504858335745,1.6652246934992538,0.7845293209876544,1.5184418267151818,0.017592592592592597,0.6453510802469136
cif2016,39,wavenet,ForecastCF,12,0.1,2.75,9.229029622886715,1.3340127061485476,0.8385416666666666,0.166225344058158,0.7935185185185184,0.7661072530864197
cif2016,39,wavenet,BaseShift,12,0.1,2.75,9.229029622886715,1.3340127061485476,0.6496913580246912,0.26535478267092205,0.09074074074074075,0.37519290123456794
cif2016,39,wavenet,BaseNN,12,0.1,2.75,9.229029622886715,1.3340127061485476,0.5493827160493828,1.5184418267151818,0.017592592592592597,0.20023148148148148
cif2016,39,seq2seq,ForecastCF,12,0.1,2.75,11.431560400721766,1.6217066261339284,0.8474151234567903,0.06761001111313515,0.8276234567901234,0.7651427469135803
cif2016,39,seq2seq,BaseShift,12,0.1,2.75,11.431560400721766,1.6217066261339284,0.7266589506172839,0.26535478267092205,0.09074074074074075,0.6468942901234568
cif2016,39,seq2seq,BaseNN,12,0.1,2.75,11.431560400721766,1.6217066261339284,0.7627314814814815,1.5184418267151818,0.017592592592592597,0.6202739197530865
cif2016,39,gru,ForecastCF,12,0.1,2.75,11.035120740527384,1.5141319376568336,0.8568672839506172,0.06191277476707155,0.8077160493827159,0.7735339506172838
cif2016,39,gru,BaseShift,12,0.1,2.75,11.035120740527384,1.5141319376568336,0.7582947530864197,0.26535478267092205,0.09074074074074075,0.6789158950617284
cif2016,39,gru,BaseNN,12,0.1,2.75,11.035120740527384,1.5141319376568336,0.7542438271604939,1.5184418267151818,0.017592592592592597,0.646219135802469
cif2016,39,nbeats,ForecastCF,12,0.1,3.0,11.060504858335745,1.6652246934992538,0.839891975308642,0.1557158068661236,0.616358024691358,0.7613811728395062
cif2016,39,nbeats,BaseShift,12,0.1,3.0,11.060504858335745,1.6652246934992538,0.7197145061728394,0.26535478267092205,0.09074074074074075,0.5158179012345679
cif2016,39,nbeats,BaseNN,12,0.1,3.0,11.060504858335745,1.6652246934992538,0.7937885802469135,1.5184418267151818,0.017592592592592597,0.6651234567901235
cif2016,39,wavenet,ForecastCF,12,0.1,3.0,9.229029622886715,1.3340127061485476,0.8387345679012346,0.1557897965912934,0.8104938271604938,0.7662037037037037
cif2016,39,wavenet,BaseShift,12,0.1,3.0,9.229029622886715,1.3340127061485476,0.6709104938271606,0.26535478267092205,0.09074074074074075,0.40567129629629634
cif2016,39,wavenet,BaseNN,12,0.1,3.0,9.229029622886715,1.3340127061485476,0.5752314814814815,1.5184418267151818,0.017592592592592597,0.2368827160493827
cif2016,39,seq2seq,ForecastCF,12,0.1,3.0,11.431560400721766,1.6217066261339284,0.8495370370370371,0.06355263128035776,0.8546296296296296,0.7704475308641976
cif2016,39,seq2seq,BaseShift,12,0.1,3.0,11.431560400721766,1.6217066261339284,0.7445987654320987,0.26535478267092205,0.09074074074074075,0.664351851851852
cif2016,39,seq2seq,BaseNN,12,0.1,3.0,11.431560400721766,1.6217066261339284,0.7758487654320987,1.5184418267151818,0.017592592592592597,0.6353202160493828
cif2016,39,gru,ForecastCF,12,0.1,3.0,11.035120740527384,1.5141319376568336,0.8578317901234569,0.05742773475715009,0.8308641975308642,0.7724729938271604
cif2016,39,gru,BaseShift,12,0.1,3.0,11.035120740527384,1.5141319376568336,0.7667824074074074,0.26535478267092205,0.09074074074074075,0.6907793209876545
cif2016,39,gru,BaseNN,12,0.1,3.0,11.035120740527384,1.5141319376568336,0.7665895061728394,1.5184418267151818,0.017592592592592597,0.6562499999999999
cif2016,39,nbeats,ForecastCF,12,0.1,3.5,11.060504858335745,1.6652246934992538,0.8449074074074074,0.13844270663501337,0.6555555555555556,0.7690972222222222
cif2016,39,nbeats,BaseShift,12,0.1,3.5,11.060504858335745,1.6652246934992538,0.7480709876543209,0.26535478267092205,0.09074074074074075,0.5694444444444444
cif2016,39,nbeats,BaseNN,12,0.1,3.5,11.060504858335745,1.6652246934992538,0.8126929012345679,1.5184418267151818,0.017592592592592597,0.7029320987654322
cif2016,39,wavenet,ForecastCF,12,0.1,3.5,9.229029622886715,1.3340127061485476,0.8418209876543209,0.14008546469748226,0.8277777777777778,0.7683256172839507
cif2016,39,wavenet,BaseShift,12,0.1,3.5,9.229029622886715,1.3340127061485476,0.7042824074074074,0.26535478267092205,0.09074074074074075,0.4639274691358024
cif2016,39,wavenet,BaseNN,12,0.1,3.5,9.229029622886715,1.3340127061485476,0.6375385802469135,1.5184418267151818,0.017592592592592597,0.3401813271604938
cif2016,39,seq2seq,ForecastCF,12,0.1,3.5,11.431560400721766,1.6217066261339284,0.8503086419753088,0.05747560644344952,0.8709876543209876,0.7691936728395061
cif2016,39,seq2seq,BaseShift,12,0.1,3.5,11.431560400721766,1.6217066261339284,0.7681327160493828,0.26535478267092205,0.09074074074074075,0.6902006172839505
cif2016,39,seq2seq,BaseNN,12,0.1,3.5,11.431560400721766,1.6217066261339284,0.7910879629629629,1.5184418267151818,0.017592592592592597,0.6664737654320988
cif2016,39,gru,ForecastCF,12,0.1,3.5,11.035120740527384,1.5141319376568336,0.8613040123456791,0.05071918823775595,0.8603395061728395,0.7788387345679012
cif2016,39,gru,BaseShift,12,0.1,3.5,11.035120740527384,1.5141319376568336,0.7835648148148148,0.26535478267092205,0.09074074074074075,0.7117091049382716
cif2016,39,gru,BaseNN,12,0.1,3.5,11.035120740527384,1.5141319376568336,0.7897376543209875,1.5184418267151818,0.017592592592592597,0.6851851851851853
cif2016,39,nbeats,ForecastCF,12,0.1,4.0,11.060504858335745,1.6652246934992538,0.8481867283950616,0.12542156744853858,0.6989197530864197,0.771604938271605
cif2016,39,nbeats,BaseShift,12,0.1,4.0,11.060504858335745,1.6652246934992538,0.7702546296296297,0.26535478267092205,0.09074074074074075,0.6174768518518519
cif2016,39,nbeats,BaseNN,12,0.1,4.0,11.060504858335745,1.6652246934992538,0.8209876543209877,1.5184418267151818,0.017592592592592597,0.7171103395061729
cif2016,39,wavenet,ForecastCF,12,0.1,4.0,9.229029622886715,1.3340127061485476,0.845679012345679,0.12695713244803344,0.8396604938271606,0.7724729938271604
cif2016,39,wavenet,BaseShift,12,0.1,4.0,9.229029622886715,1.3340127061485476,0.7255015432098766,0.26535478267092205,0.09074074074074075,0.5040509259259259
cif2016,39,wavenet,BaseNN,12,0.1,4.0,9.229029622886715,1.3340127061485476,0.7011959876543209,1.5184418267151818,0.017592592592592597,0.43518518518518523
cif2016,39,seq2seq,ForecastCF,12,0.1,4.0,11.431560400721766,1.6217066261339284,0.8539737654320987,0.0534316687605227,0.8822530864197531,0.771701388888889
cif2016,39,seq2seq,BaseShift,12,0.1,4.0,11.431560400721766,1.6217066261339284,0.7841435185185185,0.26535478267092205,0.09074074074074075,0.7065972222222222
cif2016,39,seq2seq,BaseNN,12,0.1,4.0,11.431560400721766,1.6217066261339284,0.8036265432098765,1.5184418267151818,0.017592592592592597,0.6964699074074074
cif2016,39,gru,ForecastCF,12,0.1,4.0,11.035120740527384,1.5141319376568336,0.8634259259259259,0.04597290148138747,0.8885802469135802,0.7868441358024691
cif2016,39,gru,BaseShift,12,0.1,4.0,11.035120740527384,1.5141319376568336,0.7941743827160495,0.26535478267092205,0.09074074074074075,0.7249228395061729
cif2016,39,gru,BaseNN,12,0.1,4.0,11.035120740527384,1.5141319376568336,0.8024691358024691,1.5184418267151818,0.017592592592592597,0.7125771604938271
cif2016,39,nbeats,ForecastCF,12,0.1,4.5,11.060504858335745,1.6652246934992538,0.8487654320987654,0.11443137127526606,0.7574074074074074,0.7717978395061729
cif2016,39,nbeats,BaseShift,12,0.1,4.5,11.060504858335745,1.6652246934992538,0.7854938271604938,0.26535478267092205,0.09074074074074075,0.6459297839506173
cif2016,39,nbeats,BaseNN,12,0.1,4.5,11.060504858335745,1.6652246934992538,0.8275462962962963,1.5184418267151818,0.017592592592592597,0.732253086419753
cif2016,39,wavenet,ForecastCF,12,0.1,4.5,9.229029622886715,1.3340127061485476,0.8466435185185185,0.11595267405422138,0.8476851851851853,0.7724729938271604
cif2016,39,wavenet,BaseShift,12,0.1,4.5,9.229029622886715,1.3340127061485476,0.7426697530864197,0.26535478267092205,0.09074074074074075,0.5358796296296297
cif2016,39,wavenet,BaseNN,12,0.1,4.5,9.229029622886715,1.3340127061485476,0.7444058641975309,1.5184418267151818,0.017592592592592597,0.5126350308641976
cif2016,39,seq2seq,ForecastCF,12,0.1,4.5,11.431560400721766,1.6217066261339284,0.8555169753086419,0.050043102905547074,0.8910493827160493,0.7737268518518519
cif2016,39,seq2seq,BaseShift,12,0.1,4.5,11.431560400721766,1.6217066261339284,0.7959104938271605,0.26535478267092205,0.09074074074074075,0.7191358024691358
cif2016,39,seq2seq,BaseNN,12,0.1,4.5,11.431560400721766,1.6217066261339284,0.8138503086419754,1.5184418267151818,0.017592592592592597,0.7203896604938271
cif2016,39,gru,ForecastCF,12,0.1,4.5,11.035120740527384,1.5141319376568336,0.8641975308641976,0.043756238855621306,0.8950617283950616,0.7898341049382717
cif2016,39,gru,BaseShift,12,0.1,4.5,11.035120740527384,1.5141319376568336,0.80054012345679,0.26535478267092205,0.09074074074074075,0.73070987654321
cif2016,39,gru,BaseNN,12,0.1,4.5,11.035120740527384,1.5141319376568336,0.8121141975308641,1.5184418267151818,0.017592592592592597,0.730516975308642
cif2016,39,nbeats,ForecastCF,12,0.1,5.0,11.060504858335745,1.6652246934992538,0.8510802469135803,0.10759361927342062,0.7915123456790122,0.7741126543209876
cif2016,39,nbeats,BaseShift,12,0.1,5.0,11.060504858335745,1.6652246934992538,0.7997685185185185,0.26535478267092205,0.09074074074074075,0.6852816358024691
cif2016,39,nbeats,BaseNN,12,0.1,5.0,11.060504858335745,1.6652246934992538,0.8315972222222222,1.5184418267151818,0.017592592592592597,0.734664351851852
cif2016,39,wavenet,ForecastCF,12,0.1,5.0,9.229029622886715,1.3340127061485476,0.8524305555555556,0.10634344675482439,0.8589506172839507,0.7788387345679013
cif2016,39,wavenet,BaseShift,12,0.1,5.0,9.229029622886715,1.3340127061485476,0.7573302469135803,0.26535478267092205,0.09074074074074075,0.5485146604938271
cif2016,39,wavenet,BaseNN,12,0.1,5.0,9.229029622886715,1.3340127061485476,0.7708333333333334,1.5184418267151818,0.017592592592592597,0.5715663580246914
cif2016,39,seq2seq,ForecastCF,12,0.1,5.0,11.431560400721766,1.6217066261339284,0.8570601851851852,0.04736317717398064,0.9058641975308641,0.7757523148148148
cif2016,39,seq2seq,BaseShift,12,0.1,5.0,11.431560400721766,1.6217066261339284,0.8032407407407407,0.26535478267092205,0.09074074074074075,0.7302276234567902
cif2016,39,seq2seq,BaseNN,12,0.1,5.0,11.431560400721766,1.6217066261339284,0.8209876543209875,1.5184418267151818,0.017592592592592597,0.7309027777777778
cif2016,39,gru,ForecastCF,12,0.1,5.0,11.035120740527384,1.5141319376568336,0.8647762345679013,0.04205048956472322,0.8995370370370371,0.7898341049382717
cif2016,39,gru,BaseShift,12,0.1,5.0,11.035120740527384,1.5141319376568336,0.8063271604938271,0.26535478267092205,0.09074074074074075,0.7360146604938271
cif2016,39,gru,BaseNN,12,0.1,5.0,11.035120740527384,1.5141319376568336,0.8171296296296297,1.5184418267151818,0.017592592592592597,0.7349537037037037
